Antigen,position,AA,2a.3a.1_J.2,2a.3a.1_J.2.1,2a.3a.1_J.2.2,2a.3a.1_J.2.3,2a.3a.1_J.2.4,2a.3a.1_J.2.5,2a.3a.1_K,Vaccine_I,Vaccine_II,Vaccine_III,Vaccine_IV
A,122,D,9,1,13,6,39,6,406,0,0,2,2
A,122,N,0,0,0,0,0,0,0,2,2,0,0
A,124,N,1,0,13,0,0,0,2,0,0,0,0
A,124,S,8,1,0,6,38,6,404,2,2,2,2
A,124,X,0,0,0,0,1,0,0,0,0,0,0
A,135,A,1,0,0,0,0,0,0,0,0,0,0
A,135,E,0,0,0,0,0,0,1,0,0,0,0
A,135,K,1,0,0,0,33,0,405,0,0,0,2
A,135,N,0,0,0,0,6,0,0,0,0,0,0
A,135,T,7,1,13,6,0,6,0,2,2,2,0
A,138,A,9,1,13,6,38,6,406,2,2,2,2
A,138,S,0,0,0,0,1,0,0,0,0,0,0
A,140,I,0,0,0,0,0,0,0,2,0,0,0
A,140,K,9,1,13,6,38,6,406,0,2,2,2
A,140,R,0,0,0,0,1,0,0,0,0,0,0
A,142,E,0,0,0,0,0,0,1,0,0,0,0
A,142,G,9,1,13,6,39,6,405,2,2,2,2
A,144,D,0,0,0,0,0,0,11,0,0,0,0
A,144,N,0,0,0,0,14,0,395,0,0,0,0
A,144,S,9,1,13,6,25,6,0,2,2,2,2
A,145,G,1,0,0,0,0,0,0,0,0,0,0
A,145,N,2,0,2,5,0,6,1,0,0,2,0
A,145,S,6,1,11,1,39,0,405,2,2,0,2
A,168,M,9,1,13,6,39,6,405,2,2,2,2
A,168,V,0,0,0,0,0,0,1,0,0,0,0
A,260,I,9,1,13,6,39,6,403,2,2,2,2
A,260,V,0,0,0,0,0,0,3,0,0,0,0
A,261,Q,1,1,0,0,0,0,3,0,0,0,0
A,261,R,8,0,13,6,39,6,403,2,2,2,2
B,128,I,0,0,0,0,0,0,1,0,0,0,0
B,128,T,9,1,13,6,39,6,404,2,2,2,2
B,128,X,0,0,0,0,0,0,1,0,0,0,0
B,158,D,0,0,0,0,13,0,406,0,0,0,0
B,158,K,0,0,0,6,0,6,0,0,0,0,0
B,158,N,9,1,13,0,26,0,0,2,2,2,2
B,159,N,9,1,12,6,39,6,404,2,2,2,2
B,159,S,0,0,1,0,0,0,0,0,0,0,0
B,159,Y,0,0,0,0,0,0,2,0,0,0,0
B,160,I,9,1,13,6,26,6,0,2,2,2,2
B,160,K,0,0,0,0,13,0,405,0,0,0,0
B,160,X,0,0,0,0,0,0,1,0,0,0,0
B,165,D,0,0,0,0,0,0,2,0,0,0,0
B,165,K,0,0,0,0,1,0,1,0,0,0,0
B,165,N,9,1,13,5,37,6,401,2,2,2,2
B,165,X,0,0,0,1,1,0,2,0,0,0,0
B,186,A,0,0,0,0,0,0,0,0,0,1,0
B,186,D,9,1,13,6,39,6,406,1,2,1,2
B,186,N,0,0,0,0,0,0,0,1,0,0,0
B,189,K,7,1,13,0,0,6,0,2,2,2,0
B,189,R,2,0,0,6,39,0,406,0,0,0,2
B,190,N,9,1,13,6,39,6,405,2,2,2,2
B,190,S,0,0,0,0,0,0,1,0,0,0,0
B,192,F,9,1,13,6,39,6,406,0,2,2,2
B,192,I,0,0,0,0,0,0,0,2,0,0,0
B,195,F,9,1,13,6,39,6,406,2,1,2,1
B,195,Y,0,0,0,0,0,0,0,0,1,0,1
B,197,Q,9,1,13,6,39,6,405,2,2,2,2
B,197,X,0,0,0,0,0,0,1,0,0,0,0
B,198,L,0,0,0,0,0,0,1,0,0,0,0
B,198,S,9,1,13,6,39,6,405,2,2,2,2
C,44,Q,9,1,13,6,39,6,405,2,2,2,2
C,44,X,0,0,0,0,0,0,1,0,0,0,0
C,45,N,9,1,13,6,39,6,405,2,2,2,2
C,45,X,0,0,0,0,0,0,1,0,0,0,0
C,46,S,9,1,13,6,39,6,404,2,2,2,2
C,46,T,0,0,0,0,0,0,1,0,0,0,0
C,46,X,0,0,0,0,0,0,1,0,0,0,0
C,47,S,9,1,13,6,39,6,405,2,2,2,2
C,47,X,0,0,0,0,0,0,1,0,0,0,0
C,48,I,9,1,13,6,39,6,403,2,2,2,2
C,48,T,0,0,0,0,0,0,2,0,0,0,0
C,48,X,0,0,0,0,0,0,1,0,0,0,0
C,50,E,0,0,0,0,0,0,0,2,0,0,0
C,50,K,9,1,13,6,39,6,405,0,2,2,2
C,50,X,0,0,0,0,0,0,1,0,0,0,0
C,51,I,9,1,13,6,39,6,405,2,2,2,2
C,51,X,0,0,0,0,0,0,1,0,0,0,0
C,53,D,0,0,0,0,0,0,0,1,0,0,0
C,53,G,0,0,0,0,0,0,0,1,0,0,0
C,53,N,9,1,13,6,39,6,405,0,2,2,2
C,53,X,0,0,0,0,0,0,1,0,0,0,0
C,54,N,0,0,0,5,0,0,0,0,0,0,0
C,54,S,9,1,13,1,39,6,405,2,2,2,2
C,54,X,0,0,0,0,0,0,1,0,0,0,0
C,131,K,9,1,13,6,38,6,406,2,2,2,2
C,131,R,0,0,0,0,1,0,0,0,0,0,0
C,276,E,9,1,13,6,39,6,401,0,0,2,2
C,276,K,0,0,0,0,0,0,4,2,2,0,0
C,276,V,0,0,0,0,0,0,1,0,0,0,0
C,278,E,0,0,1,0,0,0,12,0,0,0,0
C,278,K,9,1,12,6,39,6,394,2,2,2,2
C,279,F,0,0,0,0,2,0,0,0,0,0,0
C,279,S,9,1,13,6,37,6,406,2,2,2,2
C,309,I,0,0,0,1,0,0,2,0,0,0,0
C,309,V,9,1,13,5,39,6,404,2,2,2,2
D,96,I,1,0,0,0,0,0,0,0,0,0,0
D,96,N,0,0,0,0,0,0,1,2,0,0,0
D,96,S,8,1,13,6,39,6,405,0,2,2,2
D,117,I,0,0,0,0,0,0,1,0,0,0,0
D,117,T,9,1,13,6,39,6,405,2,2,2,2
D,171,E,0,0,0,0,1,0,0,0,0,0,0
D,171,K,9,1,13,6,38,6,405,2,2,2,2
D,171,X,0,0,0,0,0,0,1,0,0,0,0
D,173,Q,9,1,13,6,39,6,1,2,2,2,2
D,173,R,0,0,0,0,0,0,405,0,0,0,0
D,182,I,1,0,0,0,0,0,0,0,1,0,0
D,182,V,8,1,13,6,39,6,406,2,1,2,2
D,214,I,9,0,10,6,38,6,405,2,2,2,2
D,214,S,0,0,0,0,0,0,1,0,0,0,0
D,214,T,0,1,3,0,1,0,0,0,0,0,0
D,216,H,0,0,0,2,0,0,0,0,0,0,0
D,216,N,9,0,13,4,39,6,406,2,2,2,2
D,216,S,0,1,0,0,0,0,0,0,0,0,0
D,219,S,8,1,13,6,39,6,406,2,2,2,2
D,219,Y,1,0,0,0,0,0,0,0,0,0,0
D,221,P,9,1,13,6,39,6,401,2,2,2,2
D,221,X,0,0,0,0,0,0,5,0,0,0,0
D,222,K,0,0,0,0,0,0,2,0,0,0,0
D,222,R,8,1,13,6,38,6,401,2,2,2,2
D,222,X,1,0,0,0,1,0,3,0,0,0,0
D,225,D,9,1,13,6,39,6,406,0,2,2,2
D,225,G,0,0,0,0,0,0,0,2,0,0,0
D,226,I,8,1,13,6,39,6,406,2,2,2,2
D,226,M,1,0,0,0,0,0,0,0,0,0,0
D,229,G,0,0,0,0,0,0,1,0,0,0,0
D,229,I,0,0,1,0,0,0,0,0,0,0,0
D,229,K,0,0,0,0,0,0,1,0,0,0,0
D,229,R,9,1,12,6,39,6,402,2,2,2,2
D,229,X,0,0,0,0,0,0,2,0,0,0,0
D,230,I,9,1,13,6,39,6,404,2,2,2,2
D,230,V,0,0,0,0,0,0,2,0,0,0,0
D,242,I,9,1,12,6,38,6,404,2,2,2,2
D,242,M,0,0,0,0,1,0,2,0,0,0,0
D,242,T,0,0,1,0,0,0,0,0,0,0,0
D,244,L,9,1,11,6,39,6,406,2,2,2,2
D,244,V,0,0,2,0,0,0,0,0,0,0,0
D,246,I,0,0,0,0,0,0,1,0,0,0,0
D,246,K,0,0,0,0,0,0,1,0,0,0,0
D,246,N,9,1,12,6,37,6,403,2,2,2,2
D,246,X,0,0,1,0,2,0,1,0,0,0,0
E,57,Q,9,1,13,6,39,6,405,2,2,2,2
E,57,X,0,0,0,0,0,0,1,0,0,0,0
E,59,I,0,0,0,0,0,0,2,0,0,0,0
E,59,L,9,1,13,6,39,6,403,2,2,2,2
E,59,X,0,0,0,0,0,0,1,0,0,0,0
E,62,G,9,1,11,6,39,6,405,2,2,2,2
E,62,R,0,0,2,0,0,0,0,0,0,0,0
E,62,X,0,0,0,0,0,0,1,0,0,0,0
E,63,D,0,0,0,1,0,0,0,0,0,0,0
E,63,N,9,1,13,5,39,6,400,2,2,2,2
E,63,S,0,0,0,0,0,0,4,0,0,0,0
E,63,X,0,0,0,0,0,0,2,0,0,0,0
E,64,C,9,1,13,6,39,6,405,2,2,2,2
E,64,X,0,0,0,0,0,0,1,0,0,0,0
E,67,I,5,1,13,6,39,6,405,2,2,2,2
E,67,M,4,0,0,0,0,0,0,0,0,0,0
E,67,X,0,0,0,0,0,0,1,0,0,0,0
E,78,G,5,1,13,4,39,6,406,2,2,2,2
E,78,S,4,0,0,2,0,0,0,0,0,0,0
E,80,K,0,0,0,0,0,0,1,0,0,0,0
E,80,Q,9,1,13,6,39,6,405,2,2,2,2
E,81,N,9,1,13,6,39,6,405,2,2,2,2
E,81,X,0,0,0,0,0,0,1,0,0,0,0
E,83,D,0,0,2,0,0,0,0,0,0,0,0
E,83,E,9,1,11,6,39,6,406,2,2,2,2
E,91,N,0,0,0,0,0,0,1,0,0,0,0
E,91,S,9,1,13,6,39,6,405,2,2,2,2
E,94,K,1,0,0,0,0,0,0,0,0,0,0
E,94,N,8,1,13,6,39,6,406,2,2,2,2
E,260,I,9,1,13,6,39,6,403,2,2,2,2
E,260,V,0,0,0,0,0,0,3,0,0,0,0
RBS,135,A,1,0,0,0,0,0,0,0,0,0,0
RBS,135,E,0,0,0,0,0,0,1,0,0,0,0
RBS,135,K,1,0,0,0,33,0,405,0,0,0,2
RBS,135,N,0,0,0,0,6,0,0,0,0,0,0
RBS,135,T,7,1,13,6,0,6,0,2,2,2,0
RBS,138,A,9,1,13,6,38,6,406,2,2,2,2
RBS,138,S,0,0,0,0,1,0,0,0,0,0,0
RBS,158,D,0,0,0,0,13,0,406,0,0,0,0
RBS,158,K,0,0,0,6,0,6,0,0,0,0,0
RBS,158,N,9,1,13,0,26,0,0,2,2,2,2
RBS,159,N,9,1,12,6,39,6,404,2,2,2,2
RBS,159,S,0,0,1,0,0,0,0,0,0,0,0
RBS,159,Y,0,0,0,0,0,0,2,0,0,0,0
RBS,186,A,0,0,0,0,0,0,0,0,0,1,0
RBS,186,D,9,1,13,6,39,6,406,1,2,1,2
RBS,186,N,0,0,0,0,0,0,0,1,0,0,0
RBS,190,N,9,1,13,6,39,6,405,2,2,2,2
RBS,190,S,0,0,0,0,0,0,1,0,0,0,0
RBS,192,F,9,1,13,6,39,6,406,0,2,2,2
RBS,192,I,0,0,0,0,0,0,0,2,0,0,0
RBS,195,F,9,1,13,6,39,6,406,2,1,2,1
RBS,195,Y,0,0,0,0,0,0,0,0,1,0,1
RBS,221,P,9,1,13,6,39,6,401,2,2,2,2
RBS,221,X,0,0,0,0,0,0,5,0,0,0,0
RBS,222,K,0,0,0,0,0,0,2,0,0,0,0
RBS,222,R,8,1,13,6,38,6,401,2,2,2,2
RBS,222,X,1,0,0,0,1,0,3,0,0,0,0
RBS,225,D,9,1,13,6,39,6,406,0,2,2,2
RBS,225,G,0,0,0,0,0,0,0,2,0,0,0
RBS,226,I,8,1,13,6,39,6,406,2,2,2,2
RBS,226,M,1,0,0,0,0,0,0,0,0,0,0
RBS,229,G,0,0,0,0,0,0,1,0,0,0,0
RBS,229,I,0,0,1,0,0,0,0,0,0,0,0
RBS,229,K,0,0,0,0,0,0,1,0,0,0,0
RBS,229,R,9,1,12,6,39,6,402,2,2,2,2
RBS,229,X,0,0,0,0,0,0,2,0,0,0,0
RBS,230,I,9,1,13,6,39,6,404,2,2,2,2
RBS,230,V,0,0,0,0,0,0,2,0,0,0,0
